seed,sample,ranking_score
1,0,0.9445502965839488
1,1,0.9442781451595861
1,2,0.9451208371890776
1,3,0.9455976725252838
1,4,0.9448948530759023
