seed,sample,ranking_score
1,0,0.9451330709773467
1,1,0.9448523835952313
1,2,0.9453237631543236
1,3,0.9462080790073206
1,4,0.9456469153320286
