seed,sample,ranking_score
1,0,0.9397592606613039
1,1,0.9400889417600109
1,2,0.9412228446449487
1,3,0.9405554738217048
1,4,0.9414246261489586
