seed,sample,ranking_score
1,0,0.9438452519812566
1,1,0.9449584218199758
1,2,0.9447924273090826
1,3,0.9449376601427053
1,4,0.9445668034265988
