seed,sample,ranking_score
1,0,0.9438100006490959
1,1,0.9424929641849287
1,2,0.9424839217178367
1,3,0.9427105076036701
1,4,0.942455841943656
