seed,sample,ranking_score
1,0,0.9465254529181525
1,1,0.9465417726178347
1,2,0.9471328104534257
1,3,0.9472428499978389
1,4,0.9467504729457197
