seed,sample,ranking_score
1,0,0.9411101629749936
1,1,0.9414579126101001
1,2,0.9412629218710775
1,3,0.9424728685700423
1,4,0.9423657592836678
