seed,sample,ranking_score
1,0,0.9405516377812915
1,1,0.9404151644879097
1,2,0.9407433804575973
1,3,0.9417180704867492
1,4,0.940288331009479
