seed,sample,ranking_score
1,0,0.9440716939309828
1,1,0.944230973158753
1,2,0.9442831696489429
1,3,0.9440112556020299
1,4,0.9435180138921384
