seed,sample,ranking_score
1,0,0.941127976955312
1,1,0.9394203968033497
1,2,0.9407269631520556
1,3,0.940700416961137
1,4,0.9407944153079197
